{
    "1": {
        "how": 0.0682171057136531,
        "effective": 0.038806726072002216,
        "are": -0.04246504499310368,
        "inhalations": 0.13971086923013717,
        "of": -0.14697633552145725,
        "mucolytic": 0.1091000993322881,
        "agents": 0.08275989311519531,
        "in": -0.07283170310060243,
        "the": -0.07337492267656295,
        "treatment": -0.006048335134882266,
        "cf": -0.0339567134521078,
        "patients": -0.05678829692400276
    },
    "2": {
        "what": 0.05746658603683054,
        "is": -0.04953778072768196,
        "the": -0.12718319930604247,
        "role": 0.016929895702353887,
        "of": -0.12737949078526295,
        "aerosols": 0.09455341942131634,
        "in": -0.12624161870771086,
        "treatment": -0.005241890450231297,
        "lung": 0.0027816222842155687,
        "disease": -0.032101280740490054,
        "cf": -0.029429151658493424,
        "patients": -0.049216524000802384
    },
    "3": {
        "what": 0.04536835739749779,
        "is": -0.03910877425869628,
        "the": -0.05020389446291149,
        "role": 0.01336570713343728,
        "of": -0.05028137794155116,
        "bacterial": 0.044132510247522905,
        "phagocytosis": 0.07974796338567378,
        "by": -0.03424349054538559,
        "alveolar": 0.061212041379812586,
        "macrophages": 0.06390427940335897,
        "or": -0.02939510768517477,
        "polymorphonuclear": 0.07974796338567378,
        "leukocytes": 0.04667486180407843,
        "in": -0.099664435821877,
        "lung": 0.002196017592801765,
        "disease": -0.025343116374071092,
        "cf": -0.023233540783021124,
        "patients": -0.03885515052694925
    },
    "4": {
        "what": 0.06630759927326602,
        "is": -0.05715897776270995,
        "the": -0.07337492267656295,
        "relationship": 0.02960596429483044,
        "between": -0.021051062419047303,
        "haemophilus": 0.08594394581967416,
        "influenzae": 0.07717907256530213,
        "and": -0.07239651760009547,
        "pseudomonas": 0.016895708028101756,
        "aeruginosa": 0.01907996737882985,
        "in": -0.07283170310060243,
        "cf": -0.0339567134521078,
        "patients": -0.05678829692400276
    },
    "5": {
        "do": 0.020814311887813353,
        "cf": -0.02596689852220008,
        "patients": -0.04342634470659034,
        "ever": 0.10683772352892842,
        "develop": 0.04444373291989243,
        "infection": 0.009875369941814793,
        "in": -0.11138966356562724,
        "organs": 0.1314436818418546,
        "other": -0.014156679490864087,
        "than": -0.022575762738940425,
        "the": -0.0561102349879599,
        "lung": 0.0024543726037196197,
        "if": 0.00958992860096702,
        "so": 0.02618667280706157,
        "what": 0.050705811208968124
    },
    "6": {
        "what": 0.02873329301841527,
        "is": -0.02476889036384098,
        "the": -0.06359159965302123,
        "role": 0.008464947851176944,
        "of": -0.09553461808894721,
        "bacteria": 0.02340993158949821,
        "other": -0.008022118378156317,
        "than": -0.012792932218732907,
        "pseudomonas": 0.007321473478844094,
        "aeruginosa": 0.008267985864159602,
        "staphylococcus": 0.024568668464805272,
        "aureus": 0.0223371088104515,
        "or": -0.018616901533944023,
        "haemophilus": 0.0372423765218588,
        "influenzae": 0.03344426477829758,
        "in": -0.09468121403078317,
        "pathogenesis": 0.015793953972319225,
        "lung": 0.0027816222842155687,
        "disease": -0.032101280740490054,
        "cf": -0.029429151658493424,
        "patients": -0.049216524000802384
    },
    "7": {
        "what": 0.05746658603683054,
        "is": -0.04953778072768196,
        "the": -0.12718319930604247,
        "role": 0.016929895702353887,
        "of": -0.12737949078526295,
        "fungi": 0.14115141971038425,
        "in": -0.12624161870771086,
        "pathogenesis": 0.03158790794463845,
        "lung": 0.0027816222842155687,
        "disease": -0.032101280740490054,
        "cf": -0.029429151658493424,
        "patients": -0.049216524000802384
    },
    "8": {
        "what": 0.06157134218231843,
        "is": -0.05307619363680209,
        "the": -0.13626771354218833,
        "role": 0.018139173966807736,
        "of": -0.13647802584135316,
        "viral": 0.11715357435257868,
        "infection": 0.011991520643632247,
        "in": -0.06762943859341654,
        "lung": 0.0029803095902309665,
        "disease": -0.03439422936481077,
        "cf": -0.03153123391981438,
        "patients": -0.052731990000859694
    },
    "9": {
        "what": 0.08619987905524581,
        "is": -0.07430667109152293,
        "the": -0.09538739947953184,
        "epidemiology": 0.18162412999917832,
        "of": -0.09553461808894721,
        "pseudomonas": 0.02196442043653228,
        "aeruginosa": 0.024803957592478804,
        "in": -0.09468121403078317,
        "cf": -0.04414372748774014,
        "patients": -0.07382478600120358
    },
    "10": {
        "what": 0.05387492440952863,
        "factors": 0.015502473495299252,
        "are": -0.03450284905689674,
        "responsible": 0.0374223347361173,
        "for": -0.04517717492506209,
        "the": -0.0596171246747074,
        "appearance": 0.05387492440952863,
        "of": -0.11941827261118401,
        "mucoid": 0.03288791803932906,
        "strains": 0.02456221412843595,
        "pseudomonas": 0.013727762772832676,
        "aeruginosa": 0.015502473495299252,
        "in": -0.05917575876923947,
        "cf": -0.027589829679837585,
        "patients": -0.04614049125075224
    },
    "11": {
        "what": 0.05746658603683054,
        "are": -0.036803038994023186,
        "the": -0.06359159965302123,
        "unusual": 0.07753525241442928,
        "manifestations": 0.03293480035052425,
        "of": -0.06368974539263147,
        "cf": -0.029429151658493424,
        "other": -0.016044236756312634,
        "than": -0.025585864437465813,
        "lung": 0.0027816222842155687,
        "disease": -0.032101280740490054,
        "or": -0.037233803067888045,
        "exocrine": 0.02165864041050069,
        "pancreatic": -0.004683295012046587,
        "insufficiency": 0.02260800301814137
    },
    "12": {
        "what": 0.08619987905524581,
        "is": -0.07430667109152293,
        "the": -0.09538739947953184,
        "prognosis": 0.05857923786135092,
        "for": -0.07228347988009935,
        "survival": 0.07022979476849463,
        "of": -0.09553461808894721,
        "patients": -0.07382478600120358,
        "with": -0.08896224122921362,
        "cf": -0.04414372748774014
    },
    "13": {
        "do": 0.05897388368213783,
        "cf": -0.07357287914623356,
        "patients": -0.12304131000200597,
        "have": -0.08467352588431826,
        "normal": -0.07476275383629222,
        "intelligence": 0.35287854927596063
    },
    "14": {
        "what": 0.08619987905524581,
        "animal": 0.09131513129998395,
        "models": 0.13391200452721205,
        "are": -0.11040911698206957,
        "available": 0.06401500409361018,
        "which": -0.037965835241745065,
        "relevant": 0.12141813086638205,
        "to": -0.08896224122921362,
        "cf": -0.04414372748774014
    },
    "15": {
        "what": 0.06157134218231843,
        "abnormalities": 0.019440946831536243,
        "of": -0.06823901292067658,
        "skeletal": 0.11715357435257868,
        "muscle": 0.1013072350942675,
        "function": -0.0009330337742315624,
        "or": -0.039893360429880044,
        "structure": 0.0652250937857028,
        "have": -0.036288653950422106,
        "been": -0.026720742727036312,
        "found": -0.021855327020074537,
        "in": -0.06762943859341654,
        "cf": -0.03153123391981438,
        "patients": -0.052731990000859694
    },
    "16": {
        "is": -0.046441669432201835,
        "there": -0.013824074871802537,