{
    "1": {
        "how": 0.9541299417311304,
        "effective": 0.9541299417311304,
        "are": 0.9541299417311304,
        "inhalations": 0.9541299417311304,
        "of": 1.2721732556415073,
        "mucolytic": 0.9541299417311304,
        "agents": 0.9541299417311304,
        "in": 0.9541299417311304,
        "the": 0.9541299417311304,
        "treatment": 0.9541299417311304,
        "cf": 0.9541299417311304,
        "patients": 0.9541299417311304
    },
    "2": {
        "what": 0.9541299417311304,
        "is": 0.9541299417311304,
        "the": 1.2721732556415073,
        "role": 0.9541299417311304,
        "of": 1.2721732556415073,
        "aerosols": 0.9541299417311304,
        "in": 1.2721732556415073,
        "treatment": 0.9541299417311304,
        "lung": 0.9541299417311304,
        "disease": 0.9541299417311304,
        "cf": 0.9541299417311304,
        "patients": 0.9541299417311304
    },
    "3": {
        "what": 0.9541299417311304,
        "is": 0.9541299417311304,
        "the": 0.9541299417311304,
        "role": 0.9541299417311304,
        "of": 0.9541299417311304,
        "bacterial": 0.9541299417311304,
        "phagocytosis": 0.9541299417311304,
        "by": 0.9541299417311304,
        "alveolar": 0.9541299417311304,
        "macrophages": 0.9541299417311304,
        "or": 0.9541299417311304,
        "polymorphonuclear": 0.9541299417311304,
        "leukocytes": 0.9541299417311304,
        "in": 1.2721732556415073,
        "lung": 0.9541299417311304,
        "disease": 0.9541299417311304,
        "cf": 0.9541299417311304,
        "patients": 0.9541299417311304
    },
    "4": {
        "what": 1.2721732556415073,
        "is": 1.2721732556415073,
        "the": 1.2721732556415073,
        "relationship": 1.2721732556415073,
        "between": 1.2721732556415073,
        "haemophilus": 1.2721732556415073,
        "influenzae": 1.2721732556415073,
        "and": 1.2721732556415073,
        "pseudomonas": 1.2721732556415073,
        "aeruginosa": 1.2721732556415073,
        "in": 1.2721732556415073,
        "cf": 1.2721732556415073,
        "patients": 1.2721732556415073
    },
    "5": {
        "do": 0.9541299417311304,
        "cf": 0.9541299417311304,
        "patients": 0.9541299417311304,
        "ever": 0.9541299417311304,
        "develop": 0.9541299417311304,
        "infection": 0.9541299417311304,
        "in": 1.2721732556415073,
        "organs": 1.2721732556415073,
        "other": 0.9541299417311304,
        "than": 0.9541299417311304,
        "the": 0.9541299417311304,
        "lung": 0.9541299417311304,
        "if": 0.9541299417311304,
        "so": 0.9541299417311304,
        "what": 0.9541299417311304
    },
    "6": {
        "what": 0.8481155037610049,
        "is": 0.8481155037610049,
        "the": 1.060144379701256,
        "role": 0.8481155037610049,
        "of": 1.2721732556415073,
        "bacteria": 0.8481155037610049,
        "other": 0.8481155037610049,
        "than": 0.8481155037610049,
        "pseudomonas": 0.8481155037610049,
        "aeruginosa": 0.8481155037610049,
        "staphylococcus": 0.8481155037610049,
        "aureus": 0.8481155037610049,
        "or": 0.8481155037610049,
        "haemophilus": 0.8481155037610049,
        "influenzae": 0.8481155037610049,
        "in": 1.2721732556415073,
        "pathogenesis": 0.8481155037610049,
        "lung": 1.060144379701256,
        "disease": 1.060144379701256,
        "cf": 1.060144379701256,
        "patients": 1.060144379701256
    },
    "7": {
        "what": 0.9541299417311304,
        "is": 0.9541299417311304,
        "the": 1.2721732556415073,
        "role": 0.9541299417311304,
        "of": 1.2721732556415073,
        "fungi": 0.9541299417311304,
        "in": 1.2721732556415073,
        "pathogenesis": 0.9541299417311304,
        "lung": 0.9541299417311304,
        "disease": 0.9541299417311304,
        "cf": 0.9541299417311304,
        "patients": 0.9541299417311304
    },
    "8": {
        "what": 0.9541299417311304,
        "is": 0.9541299417311304,
        "the": 1.2721732556415073,
        "role": 0.9541299417311304,
        "of": 1.2721732556415073,
        "viral": 0.9541299417311304,
        "infection": 0.9541299417311304,
        "in": 0.9541299417311304,
        "lung": 0.9541299417311304,
        "disease": 0.9541299417311304,
        "cf": 0.9541299417311304,
        "patients": 0.9541299417311304
    },
    "9": {
        "what": 1.2721732556415073,
        "is": 1.2721732556415073,
        "the": 1.2721732556415073,
        "epidemiology": 1.2721732556415073,
        "of": 1.2721732556415073,
        "pseudomonas": 1.2721732556415073,
        "aeruginosa": 1.2721732556415073,
        "in": 1.2721732556415073,
        "cf": 1.2721732556415073,
        "patients": 1.2721732556415073
    },
    "10": {
        "what": 0.9541299417311304,
        "factors": 0.9541299417311304,
        "are": 0.9541299417311304,
        "responsible": 0.9541299417311304,
        "for": 0.9541299417311304,
        "the": 0.9541299417311304,
        "appearance": 0.9541299417311304,
        "of": 1.2721732556415073,
        "mucoid": 0.9541299417311304,
        "strains": 0.9541299417311304,
        "pseudomonas": 0.9541299417311304,
        "aeruginosa": 0.9541299417311304,
        "in": 0.9541299417311304,
        "cf": 0.9541299417311304,
        "patients": 0.9541299417311304
    },
    "11": {
        "what": 1.2721732556415073,
        "are": 1.2721732556415073,
        "the": 1.2721732556415073,
        "unusual": 1.2721732556415073,
        "manifestations": 1.2721732556415073,
        "of": 1.2721732556415073,
        "cf": 1.2721732556415073,
        "other": 1.2721732556415073,
        "than": 1.2721732556415073,
        "lung": 1.2721732556415073,
        "disease": 1.2721732556415073,
        "or": 1.2721732556415073,
        "exocrine": 1.2721732556415073,
        "pancreatic": 1.2721732556415073,
        "insufficiency": 1.2721732556415073
    },
    "12": {
        "what": 1.2721732556415073,
        "is": 1.2721732556415073,
        "the": 1.2721732556415073,
        "prognosis": 1.2721732556415073,
        "for": 1.2721732556415073,
        "survival": 1.2721732556415073,
        "of": 1.2721732556415073,
        "patients": 1.2721732556415073,
        "with": 1.2721732556415073,
        "cf": 1.2721732556415073
    },
    "13": {
        "do": 1.2721732556415073,
        "cf": 1.2721732556415073,
        "patients": 1.2721732556415073,
        "have": 1.2721732556415073,
        "normal": 1.2721732556415073,
        "intelligence": 1.2721732556415073
    },
    "14": {
        "what": 0.9541299417311304,
        "animal": 0.9541299417311304,
        "models": 0.9541299417311304,
        "are": 1.2721732556415073,
        "available": 0.9541299417311304,
        "which": 0.9541299417311304,
        "relevant": 0.9541299417311304,
        "to": 0.9541299417311304,
        "cf": 0.9541299417311304
    },
    "15": {
        "what": 1.2721732556415073,
        "abnormalities": 1.2721732556415073,
        "of": 1.2721732556415073,
        "skeletal": 1.2721732556415073,
        "muscle": 1.2721732556415073,
        "function": 1.2721732556415073,
        "or": 1.2721732556415073,
        "structure": 1.2721732556415073,
        "have": 1.2721732556415073,
        "been": 1.2721732556415073,
        "found": 1.2721732556415073,
        "in": 1.2721732556415073,
        "cf": 1.2721732556415073,
        "patients": 1.2721732556415073
    },
    "16": {
        "is": 1.2721732556415073,
        "there": 1.2721732556415073,
        "an": 1.2721732556415073,
        "increased": 1.2721732556415073,
        "incidence": 1.2721732556415073,
        "of": 1.2721732556415073,
        "dental": 1.2721732556415073,
        "problems": 1.2721732556415073,
        "eg": 1.2721732556415073,
        "caries": 1.2721732556415073,
        "or": 1.2721732556415073,
        "periodontal": 1.2721732556415073,